id,title,description,link,image_link,price,availability,condition,google_product_category,product_type,brand
SC-aesthetic-coloring-pages,Aesthetic Coloring Pages for Teens & Young Adults,"20 aesthetic scenes to color: matcha and a croissant, headphones and vinyl, a tote bag of tulips, a cozy desk setup, bubble tea, a film camera, a picnic blanket, a skincare shelf, a bed with fairy lights. Clean outlines, plenty of white space - color them your way. Grab the free samples below, or download the whole printable PDF bundle.",https://tbco-ship-it.github.io/sunnycrayon/aesthetic-coloring-pages/,https://tbco-ship-it.github.io/sunnycrayon/aesthetic-coloring-pages/hero.jpg,2.49 USD,in stock,new,Arts & Entertainment > Hobbies & Creative Arts > Artwork,Coloring Pages,Sunny Crayon
SC-alphabet-coloring-pages,Alphabet Coloring Pages A to Z for Preschool,"26 alphabet coloring pages, one per letter: big uppercase and lowercase letters with three cute pictures that start with each sound (A is for apple, airplane and ant). Thick clean outlines for little hands. Classroom and homeschool use welcome. Grab the free samples below, or download the whole printable PDF bundle.",https://tbco-ship-it.github.io/sunnycrayon/alphabet-coloring-pages/,https://tbco-ship-it.github.io/sunnycrayon/alphabet-coloring-pages/hero.jpg,1.99 USD,in stock,new,Arts & Entertainment > Hobbies & Creative Arts > Artwork,Coloring Pages,Sunny Crayon
SC-cute-animal-coloring-pages,Cute Animal Coloring Pages for Kids,"20 cute animal coloring pages for kids: a puppy, kitten, bunny, elephant, lion, panda, giraffe, sloth and more. Thick clean outlines that are easy for little hands. Grab the free samples below, or download the whole printable PDF bundle.",https://tbco-ship-it.github.io/sunnycrayon/cute-animal-coloring-pages/,https://tbco-ship-it.github.io/sunnycrayon/cute-animal-coloring-pages/hero.jpg,1.99 USD,in stock,new,Arts & Entertainment > Hobbies & Creative Arts > Artwork,Coloring Pages,Sunny Crayon
SC-bold-and-easy-christmas-coloring-pages,Bold & Easy Christmas Coloring Pages for Seniors & Beginners,"20 large-print Christmas pages, one big subject each: ornament, stocking, candy cane, wreath, ice skates, snow globe, reindeer, snowman, cardinal. Extra thick lines and generous spaces for seniors, low-vision colorers, memory care and anyone who wants a simple, relaxing holiday page.",https://tbco-ship-it.github.io/sunnycrayon/bold-and-easy-christmas-coloring-pages/,https://tbco-ship-it.github.io/sunnycrayon/bold-and-easy-christmas-coloring-pages/hero.jpg,2.49 USD,in stock,new,Arts & Entertainment > Hobbies & Creative Arts > Artwork,Coloring Pages,Sunny Crayon
SC-boldeasy-digital,"20 Bold & Easy Digital Coloring Pages for iPad & Tablet - Transparent PNG, Large Print",,https://tbco-ship-it.github.io/sunnycrayon/boldeasy-digital/,https://tbco-ship-it.github.io/sunnycrayon/boldeasy-digital/hero.jpg,2.99 USD,in stock,new,Arts & Entertainment > Hobbies & Creative Arts > Artwork,Coloring Pages,Sunny Crayon
SC-bold-and-easy-facility-pack,Bold & Easy Facility Pack - 40 Large Print Coloring Pages with a Print-Unlimited License,"40 bold and easy coloring pages (20 everyday subjects + 20 gentle Halloween pages) with a facility license: one activity room, unlimited copies, no expiry. Made for senior centers, assisted living, memory care, day programs, hospitals and daycares. Grab free samples below or get the whole pack with the license.",https://tbco-ship-it.github.io/sunnycrayon/bold-and-easy-facility-pack/,https://tbco-ship-it.github.io/sunnycrayon/bold-and-easy-facility-pack/hero.jpg,12.49 USD,in stock,new,Arts & Entertainment > Hobbies & Creative Arts > Artwork,Coloring Pages,Sunny Crayon
SC-bold-and-easy-flower-coloring-pages,Bold & Easy Flower Coloring Pages for Seniors & Beginners,"20 large-print flowers, one big bloom per page: tulip, rose, daisy, lily, poppy, lotus, daffodil, cherry blossom, peony, iris. Extra thick lines and generous spaces for seniors, low-vision colorers, memory care and anyone who wants a simple, relaxing page.",https://tbco-ship-it.github.io/sunnycrayon/bold-and-easy-flower-coloring-pages/,https://tbco-ship-it.github.io/sunnycrayon/bold-and-easy-flower-coloring-pages/hero.jpg,2.49 USD,in stock,new,Arts & Entertainment > Hobbies & Creative Arts > Artwork,Coloring Pages,Sunny Crayon
SC-bold-and-easy-coloring-pages,Bold and Easy Coloring Pages - Large Print for Adults & Seniors,"20 bold and easy coloring pages: one big, simple picture per page with thick lines and large open shapes. Made for seniors, memory care and activity rooms, low vision, and anyone who wants relaxing coloring without tiny details. Grab the free samples below, or download the whole printable PDF bundle.",https://tbco-ship-it.github.io/sunnycrayon/bold-and-easy-coloring-pages/,https://tbco-ship-it.github.io/sunnycrayon/bold-and-easy-coloring-pages/hero.jpg,2.49 USD,in stock,new,Arts & Entertainment > Hobbies & Creative Arts > Artwork,Coloring Pages,Sunny Crayon
SC-cars-trucks-coloring-pages,Cars & Trucks Coloring Pages for Kids,"20 vehicles kids ask for by name: fire truck, police car, dump truck, monster truck, school bus, excavator, ice cream truck, train, airplane and more. Thick easy outlines for ages 4-8. Grab the free samples below, or download the whole printable PDF bundle.",https://tbco-ship-it.github.io/sunnycrayon/cars-trucks-coloring-pages/,https://tbco-ship-it.github.io/sunnycrayon/cars-trucks-coloring-pages/hero.jpg,1.99 USD,in stock,new,Arts & Entertainment > Hobbies & Creative Arts > Artwork,Coloring Pages,Sunny Crayon
SC-christmas-coloring-pages,Christmas Coloring Pages for Kids,"20 cute Christmas coloring pages for kids: Santa, reindeer, a snowman, gingerbread, elves, stockings and a snowy village. Thick clean outlines that are easy for little hands. Grab the free samples below, or download the whole printable PDF bundle.",https://tbco-ship-it.github.io/sunnycrayon/christmas-coloring-pages/,https://tbco-ship-it.github.io/sunnycrayon/christmas-coloring-pages/hero.jpg,1.99 USD,in stock,new,Arts & Entertainment > Hobbies & Creative Arts > Artwork,Coloring Pages,Sunny Crayon
SC-classroom-numbers-shapes-coloring-pages,Numbers & Shapes Coloring Pages for Preschool & Kindergarten,"20 classroom-ready pages: numbers 1-10 with objects to count, and 10 basic shapes drawn as everyday things. Big outlines, one idea per page, a word to trace on each. Print as many as your class needs.",https://tbco-ship-it.github.io/sunnycrayon/classroom-numbers-shapes-coloring-pages/,https://tbco-ship-it.github.io/sunnycrayon/classroom-numbers-shapes-coloring-pages/hero.jpg,2.49 USD,in stock,new,Arts & Entertainment > Hobbies & Creative Arts > Artwork,Coloring Pages,Sunny Crayon
SC-cottagecore-coloring-pages,Cottagecore Coloring Pages for Adults & Teens,"20 cottagecore scenes: a thatched cottage garden, a basket of mushrooms, bread on the farmhouse counter, herbs drying over the table, a chicken coop, a jar of wildflowers, a porch swing at dusk. Clean outlines with room to breathe. Grab the free samples below, or download the whole printable PDF bundle.",https://tbco-ship-it.github.io/sunnycrayon/cottagecore-coloring-pages/,https://tbco-ship-it.github.io/sunnycrayon/cottagecore-coloring-pages/hero.jpg,2.49 USD,in stock,new,Arts & Entertainment > Hobbies & Creative Arts > Artwork,Coloring Pages,Sunny Crayon
SC-cozy-autumn-coloring-pages,Cozy Autumn Coloring Pages for Adults & Teens,"20 cute and cozy fall coloring pages: a pumpkin-spice cafe, jumping into leaf piles, apple picking, hayrides, a rainy bookshop, pie baking and a fireplace nap. Clean outlines with lovely little details - relaxing to color, easy on ink. Grab the free samples below, or download the whole printable PDF bundle.",https://tbco-ship-it.github.io/sunnycrayon/cozy-autumn-coloring-pages/,https://tbco-ship-it.github.io/sunnycrayon/cozy-autumn-coloring-pages/hero.jpg,2.49 USD,in stock,new,Arts & Entertainment > Hobbies & Creative Arts > Artwork,Coloring Pages,Sunny Crayon
SC-cozy-christmas-coloring-pages,Cozy Christmas Coloring Pages for Adults & Teens,"20 cozy Christmas scenes: trimming the tree, cocoa by the fireplace, gingerbread baking, a snowy sleigh ride, caroling under the lamppost, cookies for Santa. Clean outlines with room to breathe - one page, one December evening. Grab the free samples below, or download the whole printable PDF bundle.",https://tbco-ship-it.github.io/sunnycrayon/cozy-christmas-coloring-pages/,https://tbco-ship-it.github.io/sunnycrayon/cozy-christmas-coloring-pages/hero.jpg,2.49 USD,in stock,new,Arts & Entertainment > Hobbies & Creative Arts > Artwork,Coloring Pages,Sunny Crayon
SC-cozy-digital,"20 Cozy Digital Coloring Pages for iPad & Tablet - Transparent PNG, Cute Kawaii",,https://tbco-ship-it.github.io/sunnycrayon/cozy-digital/,https://tbco-ship-it.github.io/sunnycrayon/cozy-digital/hero.jpg,2.99 USD,in stock,new,Arts & Entertainment > Hobbies & Creative Arts > Artwork,Coloring Pages,Sunny Crayon
SC-cozy-coloring-pages,Cozy Coloring Pages for Adults & Teens,"20 cute and cozy coloring pages: a bear at a rainy-day cafe, a cat in a reading nook, a bunny baking cookies, campfires, tea parties, pumpkin patches and more. Clean outlines with lovely little details - relaxing to color, easy on ink. Grab the free samples below, or download the whole printable PDF bundle.",https://tbco-ship-it.github.io/sunnycrayon/cozy-coloring-pages/,https://tbco-ship-it.github.io/sunnycrayon/cozy-coloring-pages/hero.jpg,2.49 USD,in stock,new,Arts & Entertainment > Hobbies & Creative Arts > Artwork,Coloring Pages,Sunny Crayon
SC-cozy-winter-coloring-pages,Cozy Winter Coloring Pages for Adults & Teens,"20 cozy winter scenes: cocoa by a frosty window, building a snowman, a fireplace with wool socks, ice skating under lanterns, a warm bakery in the snow, puzzle night by candlelight. Clean outlines with room to breathe - one page, one evening. Grab the free samples below, or download the whole printable PDF bundle.",https://tbco-ship-it.github.io/sunnycrayon/cozy-winter-coloring-pages/,https://tbco-ship-it.github.io/sunnycrayon/cozy-winter-coloring-pages/hero.jpg,2.49 USD,in stock,new,Arts & Entertainment > Hobbies & Creative Arts > Artwork,Coloring Pages,Sunny Crayon
SC-dinosaur-name-tracing-coloring-pages,Dinosaur Coloring Pages with Name Tracing & Facts (Ages 3-5),"20 dinosaurs drawn extra bold for the youngest hands - one big dino per page, the dinosaur's name in traceable outline letters, and a one-line fact to read together. Color, trace, learn. Grab the free samples below, or download the whole printable PDF bundle.",https://tbco-ship-it.github.io/sunnycrayon/dinosaur-name-tracing-coloring-pages/,https://tbco-ship-it.github.io/sunnycrayon/dinosaur-name-tracing-coloring-pages/hero.jpg,1.99 USD,in stock,new,Arts & Entertainment > Hobbies & Creative Arts > Artwork,Coloring Pages,Sunny Crayon
SC-dinosaur-coloring-pages,Dinosaur Coloring Pages for Kids,"20 friendly dinosaur coloring pages for kids: T-Rex, triceratops, stegosaurus, long-necks, a hatching egg, volcanoes and more. Thick clean outlines that are easy for little hands. Grab the free samples below, or download the whole printable PDF bundle.",https://tbco-ship-it.github.io/sunnycrayon/dinosaur-coloring-pages/,https://tbco-ship-it.github.io/sunnycrayon/dinosaur-coloring-pages/hero.jpg,1.99 USD,in stock,new,Arts & Entertainment > Hobbies & Creative Arts > Artwork,Coloring Pages,Sunny Crayon
SC-free-cozy-coloring-pages,Free Cozy Coloring Pages for Adults & Teens,"Six free cozy coloring pages to print at home: a rainy-day cafe bear, a cat in a reading nook, a pumpkin-spice cafe, a leaf pile, cocoa by the window and socks drying by the fire. Two pages from each of our cozy sets, so you can try the style before buying a bundle. Clean outlines, easy on ink, US Letter and A4.",https://tbco-ship-it.github.io/sunnycrayon/free-cozy-coloring-pages/,https://tbco-ship-it.github.io/sunnycrayon/free-cozy-coloring-pages/hero.jpg,0 USD,in stock,new,Arts & Entertainment > Hobbies & Creative Arts > Artwork,Coloring Pages,Sunny Crayon
SC-halloween-bold-and-easy-coloring-pages,Halloween Bold and Easy Coloring Pages - Large Print for Seniors & Adults,"20 Halloween coloring pages with one big, simple picture per page - a jack-o'-lantern, a friendly ghost, a black cat, bats, a cauldron, candy corn and more - thick lines and large open shapes for seniors, memory care and activity rooms, low vision, and anyone who wants easy seasonal coloring. Grab the free samples below, or download the whole printable PDF bundle.",https://tbco-ship-it.github.io/sunnycrayon/halloween-bold-and-easy-coloring-pages/,https://tbco-ship-it.github.io/sunnycrayon/halloween-bold-and-easy-coloring-pages/hero.jpg,2.49 USD,in stock,new,Arts & Entertainment > Hobbies & Creative Arts > Artwork,Coloring Pages,Sunny Crayon
SC-cozy-halloween-coloring-pages,Cozy Halloween Coloring Pages for Adults & Teens,"20 cute, cozy Halloween scenes - pumpkin carving at the kitchen table, a spooky movie under a blanket, a witch's tea party, a friendly ghost reading by the fire, a pumpkin patch at dusk. Cute-spooky, never scary. Clean outlines with room to breathe - one page, one evening. Grab the free samples below, or download the whole printable PDF bundle.",https://tbco-ship-it.github.io/sunnycrayon/cozy-halloween-coloring-pages/,https://tbco-ship-it.github.io/sunnycrayon/cozy-halloween-coloring-pages/hero.jpg,2.49 USD,in stock,new,Arts & Entertainment > Hobbies & Creative Arts > Artwork,Coloring Pages,Sunny Crayon
SC-halloween-coloring-pages,Halloween Coloring Pages for Kids,"20 cute, easy Halloween coloring pages for kids: friendly ghosts, jack-o-lanterns, witches, bats and more. Thick clean outlines that are easy for little hands. Grab the free samples below, or download the whole printable PDF bundle.",https://tbco-ship-it.github.io/sunnycrayon/halloween-coloring-pages/,https://tbco-ship-it.github.io/sunnycrayon/halloween-coloring-pages/hero.jpg,1.99 USD,in stock,new,Arts & Entertainment > Hobbies & Creative Arts > Artwork,Coloring Pages,Sunny Crayon
SC-kids-coloring-mega-bundle,140 Kids Coloring Pages - Mega Bundle,"All seven Sunny Crayon kids bundles in one download: Halloween, Thanksgiving & Fall, Christmas, Winter, Cute Animals, Dinosaurs, and Unicorns & Mermaids - 140 pages of thick, easy outlines for ages 4-8. US Letter and A4 PDFs, a 2-up half-page PDF, and every page as PNG.",https://tbco-ship-it.github.io/sunnycrayon/kids-coloring-mega-bundle/,https://tbco-ship-it.github.io/sunnycrayon/kids-coloring-mega-bundle/hero.jpg,3.49 USD,in stock,new,Arts & Entertainment > Hobbies & Creative Arts > Artwork,Coloring Pages,Sunny Crayon
SC-personalized-name-coloring-pages,Personalized Name Coloring Pages - Made Around Your Child's Name,"A coloring set built from your child's name: a 'this book belongs to' cover, a trace-your-name page with a themed drawing, one big alphabet page for every letter, and a 'great job' page at the end. Pick dinosaurs, unicorns, animals, Halloween or Christmas. Made for the name you type and sent within 8 hours.",https://tbco-ship-it.github.io/sunnycrayon/personalized-name-coloring-pages/,https://tbco-ship-it.github.io/sunnycrayon/personalized-name-coloring-pages/hero.jpg,2.99 USD,in stock,new,Arts & Entertainment > Hobbies & Creative Arts > Artwork,Coloring Pages,Sunny Crayon
SC-ocean-animals-coloring-pages,Ocean Animals Coloring Pages for Kids,"20 sea creatures kids love: whale, dolphin, sea turtle, octopus, clownfish, seahorse, friendly shark, narwhal, jellyfish, a submarine and a treasure chest. Thick easy outlines for ages 4-8. Grab the free samples below, or download the whole printable PDF bundle.",https://tbco-ship-it.github.io/sunnycrayon/ocean-animals-coloring-pages/,https://tbco-ship-it.github.io/sunnycrayon/ocean-animals-coloring-pages/hero.jpg,1.99 USD,in stock,new,Arts & Entertainment > Hobbies & Creative Arts > Artwork,Coloring Pages,Sunny Crayon
SC-sampler-bold,5 Bold & Easy Coloring Pages - Sampler,,https://tbco-ship-it.github.io/sunnycrayon/sampler-bold/,https://tbco-ship-it.github.io/sunnycrayon/sampler-bold/hero.jpg,0.99 USD,in stock,new,Arts & Entertainment > Hobbies & Creative Arts > Artwork,Coloring Pages,Sunny Crayon
SC-sampler-cozy,5 Cozy Coloring Pages - Sampler,,https://tbco-ship-it.github.io/sunnycrayon/sampler-cozy/,https://tbco-ship-it.github.io/sunnycrayon/sampler-cozy/hero.jpg,0.99 USD,in stock,new,Arts & Entertainment > Hobbies & Creative Arts > Artwork,Coloring Pages,Sunny Crayon
SC-sampler-dino,5 Dinosaur Coloring Pages - Sampler,,https://tbco-ship-it.github.io/sunnycrayon/sampler-dino/,https://tbco-ship-it.github.io/sunnycrayon/sampler-dino/hero.jpg,0.99 USD,in stock,new,Arts & Entertainment > Hobbies & Creative Arts > Artwork,Coloring Pages,Sunny Crayon
SC-bold-and-easy-senior-coloring-pages,20 Bold & Easy Large Print Coloring Pages for Seniors & Beginners,"Extra thick lines, large uncluttered designs, and comforting everyday themes: flowers, teacups, peaceful cats, birdhouses, and country cottages. Specially crafted for seniors, low-vision colorers, dementia quiet hours, and beginner artists looking for relaxing, stress-free coloring.",https://tbco-ship-it.github.io/sunnycrayon/bold-and-easy-senior-coloring-pages/,https://tbco-ship-it.github.io/sunnycrayon/bold-and-easy-senior-coloring-pages/hero.jpg,2.49 USD,in stock,new,Arts & Entertainment > Hobbies & Creative Arts > Artwork,Coloring Pages,Sunny Crayon
SC-space-coloring-pages,Space Coloring Pages for Kids,"20 outer-space pages: a rocket blasting off, an astronaut waving, a ringed planet, a moon with a flag, a friendly alien in a UFO, a Mars rover, a space dog, the solar system. Thick easy outlines for ages 4-8. Grab the free samples below, or download the whole printable PDF bundle.",https://tbco-ship-it.github.io/sunnycrayon/space-coloring-pages/,https://tbco-ship-it.github.io/sunnycrayon/space-coloring-pages/hero.jpg,1.99 USD,in stock,new,Arts & Entertainment > Hobbies & Creative Arts > Artwork,Coloring Pages,Sunny Crayon
SC-thanksgiving-coloring-pages,Thanksgiving Coloring Pages for Kids,"20 cute Thanksgiving and fall coloring pages for kids: turkeys, pumpkin pie, a cornucopia, cozy forest animals and harvest scenes. Thick clean outlines that are easy for little hands. Grab the free samples below, or download the whole printable PDF bundle.",https://tbco-ship-it.github.io/sunnycrayon/thanksgiving-coloring-pages/,https://tbco-ship-it.github.io/sunnycrayon/thanksgiving-coloring-pages/hero.jpg,1.99 USD,in stock,new,Arts & Entertainment > Hobbies & Creative Arts > Artwork,Coloring Pages,Sunny Crayon
SC-toddler-first-words-coloring-pages,Toddler Coloring Pages - First Words (Ages 2-4),"20 first-words coloring pages for the youngest colorers: one big object per page, extra-thick outline, and the word in trace-me letters underneath - APPLE, BALL, CAT, DOG, SUN, STAR. No background, no small details. Grab the free samples below, or download the whole printable PDF bundle.",https://tbco-ship-it.github.io/sunnycrayon/toddler-first-words-coloring-pages/,https://tbco-ship-it.github.io/sunnycrayon/toddler-first-words-coloring-pages/hero.jpg,1.99 USD,in stock,new,Arts & Entertainment > Hobbies & Creative Arts > Artwork,Coloring Pages,Sunny Crayon
SC-unicorn-mermaid-coloring-pages,Unicorn & Mermaid Coloring Pages for Kids,"20 magical unicorn and mermaid coloring pages for kids: unicorns with rainbows, cupcakes and castles, mermaids with dolphins, treasure chests and sea turtles. Thick clean outlines that are easy for little hands. Grab the free samples below, or download the whole printable PDF bundle.",https://tbco-ship-it.github.io/sunnycrayon/unicorn-mermaid-coloring-pages/,https://tbco-ship-it.github.io/sunnycrayon/unicorn-mermaid-coloring-pages/hero.jpg,1.99 USD,in stock,new,Arts & Entertainment > Hobbies & Creative Arts > Artwork,Coloring Pages,Sunny Crayon
SC-cozy-valentine-coloring-pages,20 Cute Valentine & Love Coloring Pages for Adults & Teens,"Warm, cozy, heartwarming scenes celebrating love, friendship, and sweet moments: baking heart cookies, writing love notes, sharing tea, flower bouquets, and sleepy kittens. Clean ink-friendly outlines designed for relaxing coloring evenings.",https://tbco-ship-it.github.io/sunnycrayon/cozy-valentine-coloring-pages/,https://tbco-ship-it.github.io/sunnycrayon/cozy-valentine-coloring-pages/hero.jpg,2.49 USD,in stock,new,Arts & Entertainment > Hobbies & Creative Arts > Artwork,Coloring Pages,Sunny Crayon
SC-winter-coloring-pages,Winter Coloring Pages for Kids,"20 cozy winter coloring pages for kids: snowmen, sledding, penguins, hot cocoa, mittens, ice skating and snowy animals. Thick clean outlines that are easy for little hands. Grab the free samples below, or download the whole printable PDF bundle.",https://tbco-ship-it.github.io/sunnycrayon/winter-coloring-pages/,https://tbco-ship-it.github.io/sunnycrayon/winter-coloring-pages/hero.jpg,1.99 USD,in stock,new,Arts & Entertainment > Hobbies & Creative Arts > Artwork,Coloring Pages,Sunny Crayon
